sequence	reference_id	expected_status	next_action	dependency	proof_gate	accepted_identity	done_when
010	ref.empire.station.refinery_complex.v1	SELECTED	PERSIST_ACCEPTED_MASTER	-	EXACT_BYTES	candidate_02;sha256=2b5fbf5d23262c6d2bac619b106495ca16d33c37de1637bfbb2b0faa80ee9fe8	canonical PNG committed; committed-byte QA + exact-head CI pass
020	ref.empire.station.high_tech_hub.v1	SELECTED	PERSIST_ACCEPTED_MASTER	-	EXACT_BYTES	candidate_05;sha256=2f59e3d89d97ec14ce0bcc3de93204aad367fe6686cc7a047dc61524bbe7395c	canonical PNG committed; committed-byte QA + exact-head CI pass
030	ref.empire.station.frontier_multipurpose.v1	SELECTED	PERSIST_ACCEPTED_MASTER	-	EXACT_BYTES	candidate_03;sha256=8a57860f9e6bb8aa273d30966d64a1d6428e493048cb2debef01cd45dc1fafd2	canonical PNG committed; committed-byte QA + exact-head CI pass
040	ref.industrial_union.station.industrial_station.v1	SELECTED	PERSIST_ACCEPTED_MASTER	-	EXACT_BYTES	candidate_01;sha256=1980e0faedc652f2ed8a243c02b1b2f7638a83c61165de8692be57b4673b0163	canonical PNG committed; committed-byte QA + exact-head CI pass
100	ref.empire.small_craft.base.v1	SELECTED	REGENERATE_VALID_FIVE_CANDIDATE_BASE	-	CLEAN_IMAGE_CONTEXT	batch001_candidate_03_is_art_direction_only_source_missing	new five independent candidates reviewed; selected 512x256 master committed and frozen
110	ref.empire.small_craft.interceptor.v1	PLANNED	DERIVE_AFTER_BASE_FREEZE	ref.empire.small_craft.base.v1	BASE_FROZEN	-	painted aligned fit master committed and frozen
120	ref.empire.small_craft.defence.v1	PLANNED	DERIVE_AFTER_BASE_FREEZE	ref.empire.small_craft.base.v1	BASE_FROZEN	-	painted aligned fit master committed and frozen
130	ref.empire.small_craft.strike.v1	PLANNED	DERIVE_AFTER_BASE_FREEZE	ref.empire.small_craft.base.v1	BASE_FROZEN	-	painted aligned fit master committed and frozen
200	ref.industrial_union.station.mining_outpost.v1	PLANNED	GENERATE_FIVE_AFTER_UNION_PROOF	-	UNION_SINGLE_OBJECT_PROOF	-	five valid independent candidates reviewed; selected clean master committed and frozen
210	ref.industrial_union.station.volatile_depot.v1	PLANNED	GENERATE_FIVE_AFTER_UNION_PROOF	-	UNION_SINGLE_OBJECT_PROOF	-	five valid independent candidates reviewed; selected clean master committed and frozen
220	ref.industrial_union.station.refinery_complex.v1	PLANNED	GENERATE_FIVE_AFTER_UNION_PROOF	-	UNION_SINGLE_OBJECT_PROOF	-	five valid independent candidates reviewed; selected clean master committed and frozen
230	ref.industrial_union.station.high_tech_hub.v1	PLANNED	GENERATE_FIVE_AFTER_UNION_PROOF	-	UNION_SINGLE_OBJECT_PROOF	-	five valid independent candidates reviewed; selected clean master committed and frozen
240	ref.industrial_union.station.trade_logistics_hub.v1	PLANNED	GENERATE_FIVE_AFTER_UNION_PROOF	-	UNION_SINGLE_OBJECT_PROOF	-	five valid independent candidates reviewed; selected clean master committed and frozen
250	ref.industrial_union.station.naval_ordnance_depot.v1	PLANNED	GENERATE_FIVE_AFTER_UNION_PROOF	-	UNION_SINGLE_OBJECT_PROOF	-	five valid independent candidates reviewed; selected clean master committed and frozen
260	ref.industrial_union.station.frontier_multipurpose.v1	PLANNED	GENERATE_FIVE_AFTER_UNION_PROOF	-	UNION_SINGLE_OBJECT_PROOF	-	five valid independent candidates reviewed; selected clean master committed and frozen
300	ref.world.special.energetic_anomaly.v1	PLANNED	GENERATE_FIVE_AFTER_SPECIAL_PROOF	-	SPECIAL_SINGLE_OBJECT_PROOF	-	five valid independent anomaly candidates reviewed; selected reference frozen
310	ref.world.special.resonant_resource_phenomenon.v1	PLANNED	GENERATE_FIVE_AFTER_SPECIAL_PROOF	-	SPECIAL_SINGLE_OBJECT_PROOF	-	five valid independent resonance candidates reviewed; selected reference frozen
400	ref.industrial_union.small_craft.interceptor.v1	SELECTED	PAINT_TECHNICAL_DERIVATION	ref.industrial_union.small_craft.base.v1	GEOMETRY_PRESERVING_EDIT	technical_fit_overlay_v1	painted aligned composite PNG committed and frozen
410	ref.industrial_union.small_craft.defence.v1	SELECTED	PAINT_TECHNICAL_DERIVATION	ref.industrial_union.small_craft.base.v1	GEOMETRY_PRESERVING_EDIT	technical_fit_overlay_v1	painted aligned composite PNG committed and frozen
420	ref.industrial_union.small_craft.strike.v1	SELECTED	PAINT_TECHNICAL_DERIVATION	ref.industrial_union.small_craft.base.v1	GEOMETRY_PRESERVING_EDIT	technical_fit_overlay_v1	painted aligned composite PNG committed and frozen
500	ref.world.special.escort_hull_derelict.v1	SELECTED	CLEANUP_EXISTING_GEOMETRY	-	GEOMETRY_PRESERVING_EDIT	existing_stage20_5_derelict	dead-state emissive cleanup master committed; QA + exact-head CI pass
600	ref.empire.station.naval_ordnance_depot.v1	SELECTED	RECOVER_OR_CLEAN_SELECTED_MASTER	-	GEOMETRY_PRESERVING_EDIT	candidate_02_score_83	selected geometry preserved in clean 1024x1024 master; QA + exact-head CI pass
